{
 "caseA": {
  "v1": {
   "dpp_k0.1_pct": -20.1762069750268,
   "maxTT_l2_30_pct": 31.997605892799175,
   "dclpp_l40_pct": -15.882899143369078
  },
  "v2": {
   "dpp_k0.1_pct": -18.49959586045956,
   "maxTT_l2_30_pct": 3.766958477168303,
   "dclpp_l40_pct": -12.659414256270496
  }
 },
 "caseB": {
  "v1": {
   "dpp_k0.1_pct": -4.979269774326833,
   "maxTT_l2_30_pct": 53.23756745992241,
   "dclpp_l40_pct": -42.6415102600883
  },
  "v2": {
   "dpp_k0.1_pct": -4.979269774326833,
   "maxTT_l2_30_pct": 15.74787762114067,
   "dclpp_l40_pct": -35.01128553946733
  }
 },
 "caseC": {
  "v1": {
   "dpp_k0.1_pct": 0.0,
   "maxTT_l2_30_pct": 1800.1413853332579,
   "dclpp_l40_pct": 1.5481553283791527e-05
  },
  "v2": {
   "dpp_k0.1_pct": 0.0,
   "maxTT_l2_30_pct": 724.8166551226998,
   "dclpp_l40_pct": 2.642284013809615e-06
  }
 }
}