{
  "rs_drag_Mpc": 147.10129512995218,
  "dm_residuals": [
    [
      0.51,
      0.8882124646437254,
      1.8660946496880326
    ],
    [
      0.706,
      -4.823357259545861,
      1.804140179560567
    ],
    [
      0.93,
      -0.982113900877887,
      1.2866291997915322
    ],
    [
      1.317,
      -0.846235949135599,
      2.4633582451616913
    ],
    [
      2.33,
      1.347002958716736,
      2.4074840753281195
    ]
  ],
  "dh_residuals": [
    [
      0.51,
      -7.72149770489174,
      2.68572790514711
    ],
    [
      0.706,
      -0.444769512560383,
      2.9519216972102047
    ],
    [
      0.93,
      1.5109893118098499,
      1.966589795662613
    ],
    [
      1.317,
      -1.9240349737630822,
      2.9955550893505594
    ],
    [
      2.33,
      -1.0742420747454258,
      1.9830179412126188
    ]
  ],
  "figures": [
    "C:\\Users\\docny\\Projects\\THREE_BODY\\results\\desi_bao_distances.png",
    "C:\\Users\\docny\\Projects\\THREE_BODY\\results\\desi_bao_residuals.png"
  ]
}